Title,Company,Link
Rust / Python Developer,YouGov,https://stackoverflow.com/jobs/469780
"Senior BackEnd Software Engineer - Python, AWS",Handiscover ABvianetObjectives,https://stackoverflow.com/jobs/468497
Python Developer,YouGov,https://stackoverflow.com/jobs/463034
Senior Python Back End Engineer (Remote),Loadsmart,https://stackoverflow.com/jobs/430974
Experienced Python Backend Engineer for growing start up!,This Land Inc dba Sunday,https://stackoverflow.com/jobs/474459
Python Web Developer,RavenPack International SL.,https://stackoverflow.com/jobs/470988
Senior Python Engineer (Remote),X-Team,https://stackoverflow.com/jobs/445852
Python Developer - REMOTE,Pentalog,https://stackoverflow.com/jobs/470999
Senior Backend Software Engineer (Python),"Curative, Inc",https://stackoverflow.com/jobs/408170
Python Developer,"ThreatConnect, Inc.",https://stackoverflow.com/jobs/473789
Python Developer - REMOTE,Pentalog,https://stackoverflow.com/jobs/470995
Independent & Self-motivated Senior Python Backend Developer,Seez,https://stackoverflow.com/jobs/394457
"Python Developer (Onsite in Paris, or Remote in France, UK, Germany)",PeopleDoc,https://stackoverflow.com/jobs/471172
Python Data Engineer,BitEdgeviaHays PLC,https://stackoverflow.com/jobs/420749
"Remote Senior Software Engineer, Python",Verys,https://stackoverflow.com/jobs/473495
Python Engineer,"TileDB, Inc.",https://stackoverflow.com/jobs/419347
Python Developer,BairesDev LLC,https://stackoverflow.com/jobs/471587
[100% REMOTE] Senior Python Data Engineer,Clevertech,https://stackoverflow.com/jobs/473467
Data Engineer (Python),Nolk,https://stackoverflow.com/jobs/472580
Senior Python Engineer for Distributed Systems,Hazelcast,https://stackoverflow.com/jobs/454972
Mid Python Developer,OpsTalent,https://stackoverflow.com/jobs/450822
Senior Data Engineer – ETL Pipelines - Python - Cybersecurity,Praetorian CybersecurityviaUplink Software Solutions,https://stackoverflow.com/jobs/421770
Senior Data Engineer (Python)-Remote,SemanticBits,https://stackoverflow.com/jobs/466469
"Senior software engineer (Typescript, Nextjs, Python, Docker/k8s, Kafka, AWS)",EverQuote Inc.,https://stackoverflow.com/jobs/385234
"Genesys Cloud Engineer (PureCloud Admin, k8s, Python, TypeScript, REST API)",EverQuote Inc.,https://stackoverflow.com/jobs/471606
Software Engineer,Ledger Investing,https://stackoverflow.com/jobs/445674
Senior Python Dev for Open Source Dev Tools,"Iterative, Inc",https://stackoverflow.com/jobs/446359
"Senior Data Engineer - Machine Learning Platform - ML Ops, Python, AWS",Socure,https://stackoverflow.com/jobs/465269
"Senior Snowflake BI Developer - SQL, SSAS, Tableau, Python & R (Senior, Remote)",TopDevz,https://stackoverflow.com/jobs/467798
Senior Software Engineer - Frontend/Fullstack,Rollbar,https://stackoverflow.com/jobs/454577
Senior Growth Engineer,Rollbar,https://stackoverflow.com/jobs/465826
Software Engineer - Fullstack - remote (m/f/d),Yelp,https://stackoverflow.com/jobs/463138
React Software Developer,Cluby,https://stackoverflow.com/jobs/469377
Backend Developer,Macabacus,https://stackoverflow.com/jobs/456557
Senior Backend Engineer,Penn Interactive Ventures,https://stackoverflow.com/jobs/472047
Backend developer,VIKTOR,https://stackoverflow.com/jobs/472215
Senior Backend Software Engineer,Cambly,https://stackoverflow.com/jobs/459158
Senior Backend Engineer (m/w/x) - remote possible,Jimdo,https://stackoverflow.com/jobs/435270
Senior Backend Engineer,AptEdge.io,https://stackoverflow.com/jobs/457415
Senior Backend Engineer (Remote or NYC),Noom,https://stackoverflow.com/jobs/283527
Full Stack Developer,OpsTalent,https://stackoverflow.com/jobs/463551
"Senior Software Engineer, Platform API",ReCharge Payments,https://stackoverflow.com/jobs/463333
Senior Sales Engineer (sales position),OpenCraft,https://stackoverflow.com/jobs/470815
Backend Engineer,Gordian Software,https://stackoverflow.com/jobs/474790
Full Stack Web Developer,"Art & Logic, Inc.",https://stackoverflow.com/jobs/370918
"Software Engineer - Search/Data (Remote, US Timezones Only, Fulltime/Benefits)",Gaia GPS,https://stackoverflow.com/jobs/439960
Senior Backend Engineer at hyperexponential,Hyperexponential,https://stackoverflow.com/jobs/457466
Senior Backend Engineer,Codility,https://stackoverflow.com/jobs/352595
Full-Stack Software Engineer,Strata Oncology,https://stackoverflow.com/jobs/371127
Full-Stack Java Software Engineer - 100% Remote - Canada,Sonatype,https://stackoverflow.com/jobs/286077
Engineering Manager (m/w/x) - remote possible,Jimdo,https://stackoverflow.com/jobs/435308
REMOTE Germany-wide - Data Engineer (f/m/d),real.digital,https://stackoverflow.com/jobs/456776
Backend Software Engineer- Mortgage Engine,Better,https://stackoverflow.com/jobs/472433
Principal Backend Engineer - Rails,FortressIQ,https://stackoverflow.com/jobs/431807
Lead Fullstack Developer,We Got POP Ltd,https://stackoverflow.com/jobs/474160
API Software Engineer,ReCharge Payments,https://stackoverflow.com/jobs/469142
Senior Full Stack Engineer (REMOTE),Sector Labs,https://stackoverflow.com/jobs/406197
Senior Backend Software Engineer,FiscalNote,https://stackoverflow.com/jobs/447286
Senior Backend Engineer,"Turn Technologies, Inc.",https://stackoverflow.com/jobs/467807
Software Engineer,Canonical,https://stackoverflow.com/jobs/453717
Principal Software Engineer,ReCharge Payments,https://stackoverflow.com/jobs/463336
Back-End Engineer,Gorgias,https://stackoverflow.com/jobs/371615
Full Stack Engineer - Intermediate ( Remote ),New Context Services,https://stackoverflow.com/jobs/473488
*Remote* Mobile Pipeline Engineer,CommentSold,https://stackoverflow.com/jobs/403100
Senior Golang Developer (Remote - America Timezone),X-Team,https://stackoverflow.com/jobs/235208
Lead Software Engineer,Bombora,https://stackoverflow.com/jobs/391469
Full Stack Software Engineer,ResoluteAI,https://stackoverflow.com/jobs/468541
[100% REMOTE] Senior Engineering Manager,Clevertech,https://stackoverflow.com/jobs/474727
Fullstack Engineer,TRAMES Pte Ltd,https://stackoverflow.com/jobs/460394
Full Stack Engineer,Bitcoin Depot,https://stackoverflow.com/jobs/469760
Senior Software Engineer,Property Meld,https://stackoverflow.com/jobs/474770
Sr. or Lead Site Reliability Engineer (Kubernetes) - MariaDB - Fully Remote,MariaDBviaSource Coders,https://stackoverflow.com/jobs/463349
Software Engineer - Fullstack (Remote Only),"Magic Memories Digital, Ltd.",https://stackoverflow.com/jobs/442667
Senior Full Stack Engineer (Remote OR NYC),Noom,https://stackoverflow.com/jobs/283522
Senior Site Reliability Engineer in FL (remote flexibility),UKG (Ultimate Kronos Group),https://stackoverflow.com/jobs/465819
Sr. Software Engineer (Backend),Givelify,https://stackoverflow.com/jobs/457693
Software Engineer - Machine Learning (CodeSentry Team),"GrammaTech, Inc.",https://stackoverflow.com/jobs/471175
Backend Engineer- Music Data,Roon Labs LLC,https://stackoverflow.com/jobs/391891
SR Django Developer,Trafilea,https://stackoverflow.com/jobs/429467
Embedded Software Engineer,AngokaviaHays PLC,https://stackoverflow.com/jobs/421749
Senior Full Stack Software Engineer,FiscalNote,https://stackoverflow.com/jobs/447285
Senior Backend Engineer,Tessian,https://stackoverflow.com/jobs/475363
"Software Development Manager, Integrations",ReCharge Payments,https://stackoverflow.com/jobs/463332
Senior Backend Developer (Remote),Hypothesis.is,https://stackoverflow.com/jobs/458449
Full Stack Entwickler (m/w/d),Riege Software International,https://stackoverflow.com/jobs/441357
Backend Engineer and Architect,Passio Inc.,https://stackoverflow.com/jobs/472790
(Senior) Software Engineer,Hypatos GmbH,https://stackoverflow.com/jobs/401730
**REMOTE** (Senior) DevOps/SRE (m/w/d) TVNOW Streaming Plattform,"AVANTGARDE - ""Creating Fans""",https://stackoverflow.com/jobs/468934
Senior Platform Engineer,Tessian,https://stackoverflow.com/jobs/475365
[100% REMOTE] Tech Lead,Clevertech,https://stackoverflow.com/jobs/473470
Support Engineer,Postscript,https://stackoverflow.com/jobs/474775
Fullstack Software Engineer (Real Estate),Better,https://stackoverflow.com/jobs/472436
Software Architect,Trafilea,https://stackoverflow.com/jobs/463642
Full Stack Engineer,Octane AI,https://stackoverflow.com/jobs/472431
Senior Full Stack Engineer,Kea,https://stackoverflow.com/jobs/441532
Senior DevOps Engineer,Arachnys,https://stackoverflow.com/jobs/469746
Lead Vue.js / PHP developer,HUBX,https://stackoverflow.com/jobs/397027
Senior Backend Engineer,"Find Your Info, Corp",https://stackoverflow.com/jobs/469150
Software Engineer,Canonical,https://stackoverflow.com/jobs/459775
Senior Software Engineer,Property Meld,https://stackoverflow.com/jobs/460280
Lead NLP Data Scientist,Tessian,https://stackoverflow.com/jobs/475362
REMOTE Germany-wide - Site Reliability Engineer (f/m/d),real.digital,https://stackoverflow.com/jobs/456807
Software Engineer,Canonical,https://stackoverflow.com/jobs/459775
"Software Engineer, Data Engineer",FiscalNote,https://stackoverflow.com/jobs/462295
Senior SRE/DevOps Engineer,SWIMLANE INC,https://stackoverflow.com/jobs/465991
Software Development Engineer in Test,SDVI,https://stackoverflow.com/jobs/219487
Platform Engineer (DevOps),Buoy Health,https://stackoverflow.com/jobs/441978
Senior Back-End Software Engineer,pulseData,https://stackoverflow.com/jobs/448331
"Software Development Manager, Platform API",ReCharge Payments,https://stackoverflow.com/jobs/463331
Senior Full Stack JavaScript Developer - Remote,Upstack,https://stackoverflow.com/jobs/422075
Senior DevOps Engineer,Postscript,https://stackoverflow.com/jobs/469781
Senior Full Stack Engineer,Scanifly,https://stackoverflow.com/jobs/458085
Engineering Team Lead,Qualio,https://stackoverflow.com/jobs/465260
Senior Software Engineer - Front End (Ember JS),Andela,https://stackoverflow.com/jobs/460580
Software Engineer (Go/Golang),Thycotic,https://stackoverflow.com/jobs/460650
DevOps Engineer - Remote (Outside US),Agiloft,https://stackoverflow.com/jobs/469383
Data Engineer (m/f/d) Berlin/ Bielefeld/full-remote,Egoditor GmbH,https://stackoverflow.com/jobs/466444
Senior Full Stack Engineer interested in collaborative hardware development,Wikifactory,https://stackoverflow.com/jobs/386765
Unity Engineer for Computer Vision - Remote - EU Time Zone,Cvedia PTE. LTD.,https://stackoverflow.com/jobs/436963
Principal Cloud Architect,UKG (Ultimate Kronos Group),https://stackoverflow.com/jobs/456575
Senior Machine Learning Engineer,Kubevisor,https://stackoverflow.com/jobs/458084
"Sr or Lead Full Stack Engineer - Cisco Meraki - Remote, SF, Chicago or Austin",Cisco MerakiviaSource Coders,https://stackoverflow.com/jobs/462303
Geospatial Developer,"Geographic Information Services, Inc.",https://stackoverflow.com/jobs/22075
Technical Business Analyst,MayStreet Inc.,https://stackoverflow.com/jobs/475367
Senior Back-End Developer,StratumFive,https://stackoverflow.com/jobs/470543
Senior Engineering Manager,Tessian,https://stackoverflow.com/jobs/475364
"Sr or Lead Full Stack Engineer - Cisco Meraki - Remote, SF, Chicago or Austin",Cisco MerakiviaSource Coders,https://stackoverflow.com/jobs/462303
Lead NLP Data Scientist,Tessian,https://stackoverflow.com/jobs/475362
Software Engineering Manager,YouGov,https://stackoverflow.com/jobs/466410
Geospatial Developer,"Geographic Information Services, Inc.",https://stackoverflow.com/jobs/22075
Sr. Backend Engineer,Givelify,https://stackoverflow.com/jobs/447564
Senior Back-End Developer,StratumFive,https://stackoverflow.com/jobs/470543
Senior Data Engineer (Scala/Spark) - Remote,SemanticBits,https://stackoverflow.com/jobs/366169
Software Engineer - SDVI DevOps,SDVI,https://stackoverflow.com/jobs/451626
Software Engineer,Property Meld,https://stackoverflow.com/jobs/460789
Machine Learning Engineer,Radical Convergence,https://stackoverflow.com/jobs/466798
Senior/Staff DevOps Engineer,Evidation Health,https://stackoverflow.com/jobs/336567
Site Reliability Engineer,UKG (Ultimate Kronos Group),https://stackoverflow.com/jobs/465422
Cloud Engineer,Higher Logic,https://stackoverflow.com/jobs/470801
"Senior Systems Administrator (Washington, D.C. or U.S. Remote)",Wallethub,https://stackoverflow.com/jobs/472429
C++ Software Developer,"Advanced Design Technology, Ltd.",https://stackoverflow.com/jobs/425987
Data Engineer (Remote),iFit,https://stackoverflow.com/jobs/434289
"Full Stack Developer, CMS","U.S. News & World Report, Inc.",https://stackoverflow.com/jobs/468941
Senior Data Engineer,Tempo Software,https://stackoverflow.com/jobs/466488
Real-Time Software Engineer,Scanline VFX,https://stackoverflow.com/jobs/467155
Senior Data Scientist,komoot,https://stackoverflow.com/jobs/406624
Java Developer / Software Engineer,GSR,https://stackoverflow.com/jobs/446518
Data Engineer,Academic Analytics,https://stackoverflow.com/jobs/473483
Technical Account Manager (North America),Platform.sh,https://stackoverflow.com/jobs/471624
Staff Site Reliability Engineer (Network),"Wikimedia Foundation, Inc.",https://stackoverflow.com/jobs/468010
Salesforce Architect,REPAY,https://stackoverflow.com/jobs/438600
Customer Success Engineer (EMEA),Platform.sh,https://stackoverflow.com/jobs/465437
Real-Time Software Engineer,Scanline VFX,https://stackoverflow.com/jobs/467155
Senior Data Scientist,komoot,https://stackoverflow.com/jobs/406624
QA Automation Engineer - Russia (Remote),Agiloft,https://stackoverflow.com/jobs/445471
Full Stack Engineer,XOi Technologies,https://stackoverflow.com/jobs/411412
Back End Engineer - Retail & Catalog,Everli,https://stackoverflow.com/jobs/415688
Data Engineer | Geospatial / CloudOps,Colaberry,https://stackoverflow.com/jobs/471180
Data Engineer - Metrics [Remote],TMP Worldwide,https://stackoverflow.com/jobs/459807
Senior Data Scientist [Remote],TMP Worldwide,https://stackoverflow.com/jobs/459804
Senior Data Engineer,Tempo Software,https://stackoverflow.com/jobs/466488
Machine Learning Engineer (Latin America- Remote),Blue Orange Digital,https://stackoverflow.com/jobs/295632
Sr. Manager of Core Product Engineering,"Mattermost, Inc",https://stackoverflow.com/jobs/453703
Technical Product Support Engineer (Remote),Olive AI,https://stackoverflow.com/jobs/410488
Senior Data Engineer,Penn Interactive Ventures,https://stackoverflow.com/jobs/471561
Data Engineer,Academic Analytics,https://stackoverflow.com/jobs/473483
Native Client UI Engineer,Roon Labs LLC,https://stackoverflow.com/jobs/393284
Senior Backend Engineer,Primer AI,https://stackoverflow.com/jobs/424118
Senior Technical Analyst and Software Project Manager,MapLarge,https://stackoverflow.com/jobs/466545
Lead Developer (Azure),Virtasant Inc,https://stackoverflow.com/jobs/471594
Lead Developer (GCP),Virtasant Inc,https://stackoverflow.com/jobs/471593
Data Scientist who loves BI Dashboards,SemanticBits,https://stackoverflow.com/jobs/439749
Build Service Engineer,SUSE,https://stackoverflow.com/jobs/471547
Data Engineer,Bombora,https://stackoverflow.com/jobs/409609
Software Engineer - Cloud Images,Canonical,https://stackoverflow.com/jobs/454599
Lead Data Engineer,ThoughtWorks - North America,https://stackoverflow.com/jobs/431276
Full Stack Engineer / Server Developer - help us create amazing games!,kwalee Ltd,https://stackoverflow.com/jobs/415698
"Technical Lead, Reliability Engineering",HubSpot,https://stackoverflow.com/jobs/448515
Principal Threat Hunter,Immersive Labs,https://stackoverflow.com/jobs/466274
Back End Engineer - Retail & Catalog,Everli,https://stackoverflow.com/jobs/415688
Cloud Platform Engineer,UKG (Ultimate Kronos Group),https://stackoverflow.com/jobs/471581
Remote Senior Front-End Software Engineer,The Sensible Code Company,https://stackoverflow.com/jobs/474156
Solutions Architect / AI Engineer,Sustainalytics,https://stackoverflow.com/jobs/456500
Senior Backend Engineer Who Loves Typescript,Well Health Inc.,https://stackoverflow.com/jobs/470542
Data Engineer,Knock.com,https://stackoverflow.com/jobs/456289
Senior Full Stack Engineer - Rent (m/f/d),Wunder Mobility,https://stackoverflow.com/jobs/467718
Azure Machine Learning Engineer | Location Intelligence Application,SiteZeus,https://stackoverflow.com/jobs/444396
Operations Support Engineer - Trading,GSR,https://stackoverflow.com/jobs/460259
Remote Backend Software Engineer to optimize the world of Container Shipping,Portchain,https://stackoverflow.com/jobs/462208
Sr. Data Engineer,Quadpay,https://stackoverflow.com/jobs/415728
QA Engineer,Genies Inc,https://stackoverflow.com/jobs/435917
Researcher Developer,IOVLABS,https://stackoverflow.com/jobs/448524
Senior Software Engineer - Infrastructure,Outschool,https://stackoverflow.com/jobs/386170
Senior Cloud Engineer Who Loves Linux and Operates Like a Developer,Nebulaworks,https://stackoverflow.com/jobs/462301
Senior Data Scientist,Primer AI,https://stackoverflow.com/jobs/424117
Senior Big Data Engineer,Kubevisor,https://stackoverflow.com/jobs/458034
Machine Learning Specialist,Advent Health Partners,https://stackoverflow.com/jobs/413516
Senior Software Engineer,Virtasant Inc,https://stackoverflow.com/jobs/470560
AWS Cloud Consultant,Mphasis-Stelligent,https://stackoverflow.com/jobs/429899
Engineering Manager - Data Platform,Canonical,https://stackoverflow.com/jobs/458431
Senior Fullstack Engineer (Remote),Web Summit,https://stackoverflow.com/jobs/417479
Automation Developer,UKG (Ultimate Kronos Group),https://stackoverflow.com/jobs/471584
Senior Software Engineer - IT Security (m/f/d),VMRay,https://stackoverflow.com/jobs/446571
Remote Full Stack Software Engineer to optimize the world of Container Shipping,Portchain,https://stackoverflow.com/jobs/433882
Cloud Operations Engineer,Canonical,https://stackoverflow.com/jobs/454604
Data Team Software Engineer,Moneyhub Financial Technology Ltd,https://stackoverflow.com/jobs/465955
"Director of Engineering (Full Stack); Leader, Mentor, Partner - work with us!",Remixd Media,https://stackoverflow.com/jobs/455957
Senior Data Engineer,Second Measure,https://stackoverflow.com/jobs/446573
Lead Data Scientist (US-Remote),Integral Ad Science,https://stackoverflow.com/jobs/466233
Senior Backend Generalist,"Revl, Inc.",https://stackoverflow.com/jobs/199459
Technical Product Manager,Platform.sh,https://stackoverflow.com/jobs/465439
Game Developer,BKOM Studios,https://stackoverflow.com/jobs/416847
Software Architect,Decodify.me LLC,https://stackoverflow.com/jobs/443400
Frontend Engineer,Vouched,https://stackoverflow.com/jobs/435259
Senior Network and Cloud Security Lead,DOCOMO Digital,https://stackoverflow.com/jobs/454765
Senior Fullstack Web Developer,"Airtm, Inc",https://stackoverflow.com/jobs/468987
Security Certification Engineer,SUSE,https://stackoverflow.com/jobs/442175
Senior Backend Developer,GOintegro,https://stackoverflow.com/jobs/438595
"Senior full-stack engineer (Go, React, AWS)",Arcivr,https://stackoverflow.com/jobs/417931
Site Reliability Engineer (SRE),Quadpay,https://stackoverflow.com/jobs/415843
Lead Full-Stack Web Developer,Evercast,https://stackoverflow.com/jobs/462521
Cloud Engineer,BreezyHR,https://stackoverflow.com/jobs/455171
Back End Engineer - Operations,Everli,https://stackoverflow.com/jobs/438409
Senior PHP Software Engineer (m/f/d) - 100% REMOTE,Joyride GmbH,https://stackoverflow.com/jobs/457641
Join G2i as a 100% Remote React Engineer (Native or Web) | Fully Remote Position,G2i Inc,https://stackoverflow.com/jobs/229077
Frontend Engineer,Tessian,https://stackoverflow.com/jobs/475359
Senior Software Engineer - Direct Hire - Remote,PestRoutes,https://stackoverflow.com/jobs/410497
Développeur web Full Stack senior,ConstructBuy,https://stackoverflow.com/jobs/409538
Senior Java Software Developer- Remote Cincinnati,Callibrity,https://stackoverflow.com/jobs/471196
.NET Software Engineer (Remote),Signal,https://stackoverflow.com/jobs/469756
Cloud App Engineer,UKG (Ultimate Kronos Group),https://stackoverflow.com/jobs/471586
Backend Engineer,Tessian,https://stackoverflow.com/jobs/475360
Back End Developer (Remote),TMP Worldwide,https://stackoverflow.com/jobs/445285
Senior Front End Software Engineer,Boston Dynamics,https://stackoverflow.com/jobs/457627
Fullstack Engineer,Vouched,https://stackoverflow.com/jobs/435257
Senior Software Development Engineer - Remote,Pixelogic Media,https://stackoverflow.com/jobs/439583
Senior Back End Developer (Remote),TMP Worldwide,https://stackoverflow.com/jobs/445284
Front End Engineer,ReCharge Payments,https://stackoverflow.com/jobs/469141
Node/AWS/Microservices Developer (Remote),X-Team,https://stackoverflow.com/jobs/457377
"Java Developer (Onsite in Paris, or Remote in France, UK, Germany)",PeopleDoc,https://stackoverflow.com/jobs/471170
Senior Software Engineer (Platform),Aloe Care Health,https://stackoverflow.com/jobs/401772
*Remote* Backend Systems Engineer,CommentSold,https://stackoverflow.com/jobs/426033
"Senior Software Developer, Launchpad (Remote Option)",Clio,https://stackoverflow.com/jobs/475057
Senior Software Engineer (Security) - 100% remote (UK/EU only),Form3 - Financial Cloud,https://stackoverflow.com/jobs/373270
Programador backend senior,Afterbanks,https://stackoverflow.com/jobs/392603
Senior Cloud Data Architect/Engineer (Remote Considered),Shield AI,https://stackoverflow.com/jobs/468535
Full Stack Developer - Learn TypeScript - FinTech,Forward Financing,https://stackoverflow.com/jobs/472420
Senior Database Administrator [Remote],TMP Worldwide,https://stackoverflow.com/jobs/459806
Remote Developer for Global Fintech - SE Asia,Tutuka,https://stackoverflow.com/jobs/427720
Sr. Frontend Software Engineer,Chaturbate,https://stackoverflow.com/jobs/460874
Sr. Frontend Software Engineer,Chaturbate,https://stackoverflow.com/jobs/460874
Remote Developer for Global Fintech - SE Asia,Tutuka,https://stackoverflow.com/jobs/427720
Frontend Engineer,Tessian,https://stackoverflow.com/jobs/475359
Sr. Site Reliability Engineer - MobileCoin - Highflying Crypto Startup,MobileCoinviaSource Coders,https://stackoverflow.com/jobs/474458
Engineering Manager,"Better Holdco, Inc",https://stackoverflow.com/jobs/466483
"Senior Frontend Software Engineer, JavaScript (Remote)",Automattic,https://stackoverflow.com/jobs/365833
Engineering Manager,FiscalNote,https://stackoverflow.com/jobs/457851
QA Software Developer,Tempo Software,https://stackoverflow.com/jobs/463643
Senior Engineering Manager,"Better Holdco, Inc",https://stackoverflow.com/jobs/466484
Senior Software Engineer who likes Microservices - not Micromanagement,Praetorian CybersecurityviaUplink Software Solutions,https://stackoverflow.com/jobs/421102
"Senior Software Developer (Lead Consultant, Melbourne/Sydney based)",No Moss Co,https://stackoverflow.com/jobs/462176
"Senior Systems Engineer, Data Services",Olo,https://stackoverflow.com/jobs/295293
Staff Software Engineer,"Wikimedia Foundation, Inc.",https://stackoverflow.com/jobs/473497
Backend Engineer,Ascendify,https://stackoverflow.com/jobs/475060
Remote Developer for Global Fintech - LatAm,Tutuka,https://stackoverflow.com/jobs/427725
ETL Developer,BairesDev LLC,https://stackoverflow.com/jobs/471610
Software Engineer,Ascensus,https://stackoverflow.com/jobs/465924
"Senior Frontend Engineer, Creator Tooling",Actio,https://stackoverflow.com/jobs/467781
Senior DevOps Engineer,Visual Lease,https://stackoverflow.com/jobs/450853
Software Engineer in Test,Canonical,https://stackoverflow.com/jobs/454609
Senior Site Reliability Engineer,Blameless,https://stackoverflow.com/jobs/431397
Application Architect,Visual Lease,https://stackoverflow.com/jobs/471585
Web Software Developer (m/f/d) cloud-native medical software applications,Stryker,https://stackoverflow.com/jobs/457643
Solutions Engineer,Deepgram,https://stackoverflow.com/jobs/431389
Java/AWS Developer (Remote - US only),X-Team,https://stackoverflow.com/jobs/467717
Senior Solution Architect - Remote,"Theorem, LLC",https://stackoverflow.com/jobs/472054
Java/AWS Developer (Remote - US only),X-Team,https://stackoverflow.com/jobs/467717
Linux Developer C/C++,SUSE,https://stackoverflow.com/jobs/460256
Site Reliability Engineer at interactive Benefits Communications SaaS Platform,The Jellyvision Lab Inc.,https://stackoverflow.com/jobs/474787
Senior Software Engineer (Android),TrueMotion,https://stackoverflow.com/jobs/462808
Principal Cloud Development Engineer,"Unanet, Inc.",https://stackoverflow.com/jobs/473490
Mid-Level Front-end Responsive Developer,Graphic Language,https://stackoverflow.com/jobs/418286
Machine Learning Developer,BairesDev LLC,https://stackoverflow.com/jobs/471607
DevOps Engineer (m/w/d),Reply,https://stackoverflow.com/jobs/471129
Lead Senior Data Engineer (Scala/Spark) - Remote,SemanticBits,https://stackoverflow.com/jobs/471189
Mobile Applications Developer,Compeat,https://stackoverflow.com/jobs/465453
Senior Software Architect,Practichem,https://stackoverflow.com/jobs/457036
Data Pipeline Engineer,C Innovation Studio,https://stackoverflow.com/jobs/474728
Infrastructure Engineer,BlaBlaCar,https://stackoverflow.com/jobs/433406
Senior Data Engineer,Avail,https://stackoverflow.com/jobs/380126
Dedicated Support Engineer - Customer Site,Canonical,https://stackoverflow.com/jobs/469392
Senior Applications Engineer/Atlassian Administrator,Audacious Inquiry,https://stackoverflow.com/jobs/445472
Senior DevOps Security Engineer,Vouched,https://stackoverflow.com/jobs/435262
Associate Field Software Engineer - AMER,Canonical,https://stackoverflow.com/jobs/470813
Senior Front-End ReactJS Developer,Contrast Security,https://stackoverflow.com/jobs/473474
Site Reliability Engineers wanted!,Magnolia International Ltd.,https://stackoverflow.com/jobs/408125
Database Reliability Engineer (DBRE) - Remote-US,NAVIS,https://stackoverflow.com/jobs/431396
QA Automation Senior,BairesDev LLC,https://stackoverflow.com/jobs/471596
Mathematical Finance Developer,ClearLife Limited,https://stackoverflow.com/jobs/469328
DevOps Engineer,Construo AG,https://stackoverflow.com/jobs/450348
Senior Security / Operations Engineer,Defiant Inc,https://stackoverflow.com/jobs/466003
QA Automation Senior,BairesDev LLC,https://stackoverflow.com/jobs/471596
Senior Java Developer with devops focus,Wizenoze,https://stackoverflow.com/jobs/465935
Database Reliability Engineer (DBRE) - Remote-US,NAVIS,https://stackoverflow.com/jobs/431396
Tagalog Speaking Full Stack Angular and C# Developer (Remote),Iridium Technology,https://stackoverflow.com/jobs/468538
Monitoring Engineer,"Vultr Holdings, LLC.",https://stackoverflow.com/jobs/470821
Linux Kernel Engineer,Canonical,https://stackoverflow.com/jobs/453713
Senior Backend Developer,Tempo Software,https://stackoverflow.com/jobs/460279
Systems Engineer,Andela,https://stackoverflow.com/jobs/466421
Mobile Applications Developer,Market America / Shop.com,https://stackoverflow.com/jobs/447980
Senior Ruby on Rail Web Developer,Wishpond Technologies Inc.,https://stackoverflow.com/jobs/13682
DevOps Engineer - (AWS Lambda): Remote (Global),Modus Create,https://stackoverflow.com/jobs/469802
Swift Developer,eyeo GmbH,https://stackoverflow.com/jobs/457870
Automatic Test Developer,SUSE,https://stackoverflow.com/jobs/471548
Senior Cloud SRE (Work at Home),Citizens Bank,https://stackoverflow.com/jobs/461397
"Lead Data Scientist (NLP, CV)",IHS Markit,https://stackoverflow.com/jobs/470556
Senior DevOps Engineer,Olo,https://stackoverflow.com/jobs/410138
Security Engineer - Remote,SemanticBits,https://stackoverflow.com/jobs/469031
Sr. Data Engineer,TigerConnect,https://stackoverflow.com/jobs/456323
Data Scientist,Mahisoft Inc,https://stackoverflow.com/jobs/347673
Data Engineer,BlueLabs,https://stackoverflow.com/jobs/448563
DevOps Engineer - Global Health Data Platform,DHIS2,https://stackoverflow.com/jobs/450805
Senior DevOps,BairesDev LLC,https://stackoverflow.com/jobs/471592
AppArmor Security Engineer,Canonical,https://stackoverflow.com/jobs/460784
Applications and Systems Support Engineer,Veterinary Information Network,https://stackoverflow.com/jobs/455763
Senior Security / Operations Engineer,Defiant Inc,https://stackoverflow.com/jobs/466003
Sr. DevOps Engineer,Givelify,https://stackoverflow.com/jobs/463164
Data Scientist,Mahisoft Inc,https://stackoverflow.com/jobs/347673
DevSecOps (Security Operations) Engineer,VoiceThread,https://stackoverflow.com/jobs/444528
Senior Product Security Engineer,News UK,https://stackoverflow.com/jobs/455733
Associate Field Software Engineer - EMEA,Canonical,https://stackoverflow.com/jobs/471550
Linux Cloud Kernel Engineer,Canonical,https://stackoverflow.com/jobs/457872
Senior DevOps,BairesDev LLC,https://stackoverflow.com/jobs/471592
Senior  DevOps Engineer,Bitso,https://stackoverflow.com/jobs/455939
Site Reliability Engineer,"Wikimedia Foundation, Inc.",https://stackoverflow.com/jobs/471812
DevOps Engineer - Senior,Moov Financial,https://stackoverflow.com/jobs/461394
Senior Data Scientist,"Team Go, Inc",https://stackoverflow.com/jobs/460886
DevOps Engineer,ACA Compliance Group,https://stackoverflow.com/jobs/447579
Frontend Developer,You.i TV,https://stackoverflow.com/jobs/445399
Site Reliability Engineer - Americas,Canonical,https://stackoverflow.com/jobs/454608
Software Engineer,Canonical,https://stackoverflow.com/jobs/451978
Senior QA Engineer,Bitso,https://stackoverflow.com/jobs/455934
Site Reliability Engineer,Container Solutions B.V.,https://stackoverflow.com/jobs/462620
Fast Track Software Engineering Lead,Canonical,https://stackoverflow.com/jobs/451983
Technical Account Engineer- Americas REMOTE,Canonical,https://stackoverflow.com/jobs/461308
Site Reliability Engineer - APAC,Canonical,https://stackoverflow.com/jobs/454610
Singapore SUSE Customer Support,SUSE,https://stackoverflow.com/jobs/442182
Sr. DevOps Engineer,IntellumviaTechCXO,https://stackoverflow.com/jobs/468517
Application Security Developer,New Context Services,https://stackoverflow.com/jobs/458263
Technical Account Manager - EMEA,Canonical,https://stackoverflow.com/jobs/451973
"Director, Site Reliability Engineering",DuckDuckGo,https://stackoverflow.com/jobs/433447
Cloud Security Engineer,"Mattermost, Inc",https://stackoverflow.com/jobs/453702
Senior Platform Infrastructure Engineer,Olo,https://stackoverflow.com/jobs/417822
Senior Full Stack or Backend Engineers - JS or Python,Intellipse,https://weworkremotely.com/company/intellipse
"Open Source Developer & DevOps (Python, Django, React, AWS/OpenStack)",OpenCraft,https://weworkremotely.com/company/opencraft
Senior Software Engineer (Python / Django),Trustworthy,https://weworkremotely.com/company/trustworthy
Senior Python Engineer,Clevertech,https://weworkremotely.com/company/clevertech
Python Developer,Webinterpret Poland,https://weworkremotely.com/company/webinterpret-poland
Python Full Stack Software Developer (senior) - remote,Bubbling,https://weworkremotely.com/company/bubbling
Full Stack Developer (Python & Vue.js),Unhaggle Inc.,https://weworkremotely.com/remote-jobs/unhaggle-inc-full-stack-developer-python-vue-js-2
(Senior) Python Full Stack Software Developer,Optimile,https://weworkremotely.com/remote-jobs/optimile-senior-python-full-stack-software-developer
Senior Python Engineer,X-Team,https://weworkremotely.com/company/x-team
Python Lead Engineer,Nearsure,https://weworkremotely.com/remote-jobs/nearsure-python-lead-engineer-1
Software Engineer,Argyle,https://remoteok.io/remote-jobs/100929-remote-software-engineer-argyle
DevOps Software Engineer,The Linux Foundation,https://remoteok.io/remote-jobs/100705-remote-devops-software-engineer-the-linux-foundation
Software Engineer,Ampcontrol.io,https://remoteok.io/remote-jobs/100578-remote-software-engineer-ampcontrol-io
Full Stack Developer,HelloMaaS,https://remoteok.io/remote-jobs/100554-remote-full-stack-developer-hellomaas
Senior Software Engineer,Iterative,https://remoteok.io/remote-jobs/99244-remote-senior-software-engineer-iterative
Python Developer,Pentalog,https://remoteok.io/remote-jobs/100839-remote-python-developer-pentalog
Python Web Developer,RavenPack International SL,https://remoteok.io/remote-jobs/100836-remote-python-web-developer-ravenpack-international-sl
Jr Mid React Python Developer,Compugain,https://remoteok.io/remote-jobs/100695-remote-jr-mid-react-python-developer-compugain
Web Developer,LearnCube,https://remoteok.io/remote-jobs/100457-remote-web-developer-learncube
Senior Software Engineer,NannyML,https://remoteok.io/remote-jobs/100441-remote-senior-software-engineer-nannyml
Full Stack Developer,Earning Together,https://remoteok.io/remote-jobs/100005-remote-full-stack-developer-earning-together
Python Engineer,Intent Technologies,https://remoteok.io/remote-jobs/100003-remote-python-engineer-intent-technologies
Senior Developer,Toptal,https://remoteok.io/remote-jobs/99898-remote-senior-developer-toptal
Senior Backend Developer,Clarity Movement Co.,https://remoteok.io/remote-jobs/99896-remote-senior-backend-developer-clarity-movement-co
Backend Developer Data Scientist,komoot,https://remoteok.io/remote-jobs/99798-remote-backend-developer-data-scientist-komoot
Senior Front End Developer,PolySwarm,https://remoteok.io/remote-jobs/99794-remote-senior-front-end-developer-polyswarm
Senior Software Engineer,JetBridge,https://remoteok.io/remote-jobs/99792-remote-senior-software-engineer-jetbridge
Senior Software Engineer React React,Very LLC,https://remoteok.io/remote-jobs/99730-remote-senior-software-engineer-react-react-very-llc
Senior Full Stack Engineer,GooseChase,https://remoteok.io/remote-jobs/99701-remote-senior-full-stack-engineer-goosechase
Back End Developer,InReach Ventures,https://remoteok.io/remote-jobs/99530-remote-back-end-developer-inreach-ventures
Senior Back End Engineer,Beyond Pricing,https://remoteok.io/remote-jobs/99409-remote-senior-back-end-engineer-beyond-pricing
Senior Software Engineer,Muck Rack,https://remoteok.io/remote-jobs/99378-remote-senior-software-engineer-muck-rack
Senior Software Engineer,Netdata Inc,https://remoteok.io/remote-jobs/99258-remote-senior-software-engineer-netdata-inc
Lead Back End Developer,Simpleweb,https://remoteok.io/remote-jobs/99178-remote-lead-back-end-developer-simpleweb
Full Stack Developer,Coconut ,https://remoteok.io/remote-jobs/99168-remote-full-stack-developer-coconut
Freelance Backend Developer,Toptal,https://remoteok.io/remote-jobs/99118-remote-freelance-backend-developer-remote-toptal
Lead Full Stack Software Engineer,Prominent Edge,https://remoteok.io/remote-jobs/97397-remote-lead-full-stack-software-engineer-prominent-edge
Full Stack Python js Developer,Fjelltopp,https://remoteok.io/remote-jobs/97053-remote-full-stack-python-js-developer-fjelltopp
Python Django Software Engineer,WP Media,https://remoteok.io/remote-jobs/96938-remote-python-django-software-engineer-wp-media
Software Engineer Security,Doximity,https://remoteok.io/remote-jobs/86398-remote-software-engineer-security-doximity
Django Developer,Mainvest,https://remoteok.io/remote-jobs/86390-remote-django-developer-mainvest
Software Engineer,"PrintWithMe, Inc.",https://remoteok.io/remote-jobs/86265-remote-software-engineer-printwithme-inc
Python Developer,Backtracks.fm,https://remoteok.io/remote-jobs/86257-remote-python-developer-backtracks-fm
Software Engineer,Simple Poll,https://remoteok.io/remote-jobs/85261-remote-software-engineer-full-stack-simple-poll
Freelance Python Developer,Toptal,https://remoteok.io/remote-jobs/85053-remote-freelance-python-developer-remote-toptal
DevOps Python Django SaaS Developer,WP Media,https://remoteok.io/remote-jobs/84795-remote-devops-python-django-saas-developer-wp-media
Senior Python Developer,Remotesome,https://remoteok.io/remote-jobs/84524-remote-senior-python-developer-remotesome
Lead Backend Developer,Kokoon Technology Ltd,https://remoteok.io/remote-jobs/84313-remote-lead-backend-developer-remote-kokoon-technology-ltd
Backend Developer,Jetcake,https://remoteok.io/remote-jobs/83559-remote-backend-developer-jetcake
ELK Stack Developer,Atlastix,https://remoteok.io/remote-jobs/77164-remote-elk-stack-developer-atlastix
Full Stack Django Developer,Wildfish,https://remoteok.io/remote-jobs/77074-remote-full-stack-django-developer-wildfish
Full Stack Developer,REPAY,https://remoteok.io/remote-jobs/77035-remote-full-stack-developer-python-repay
Software Engineer Full Stack,Doximity,https://remoteok.io/remote-jobs/76493-remote-software-engineer-full-stack-doximity
Senior Software Engineer,Iterative,https://remoteok.io/remote-jobs/76126-remote-senior-software-engineer-iterative
Developer Senior Developer,MVPF,https://remoteok.io/remote-jobs/75960-remote-developer-or-senior-developer-mvpf
Full Stack Web Developer,GooseChase,https://remoteok.io/remote-jobs/75932-remote-full-stack-web-developer-goosechase
Senior Full Stack Developer,Pupil Labs,https://remoteok.io/remote-jobs/75838-remote-senior-full-stack-developer-pupil-labs
Senior Full Stack Developer,PolySwarm,https://remoteok.io/remote-jobs/75742-remote-senior-full-stack-developer-polyswarm
Full Stack Developer Fully Startup,Specula.io,https://remoteok.io/remote-jobs/75688-remote-sr-full-stack-developer-node-vue-typescript-python-sql-elastic-fully-remote-startup-specula-io
Senior Front End Developer,PolySwarm,https://remoteok.io/remote-jobs/75673-remote-senior-front-end-developer-polyswarm
Senior Software Engineer,Snowdrop,https://remoteok.io/remote-jobs/75658-remote-senior-software-engineer-snowdrop
Full Stack Developer,SilviaTerra,https://remoteok.io/remote-jobs/75473-remote-full-stack-developer-silviaterra
Senior DevOps Engineer,"ORCID, Inc.",https://remoteok.io/remote-jobs/75009-remote-senior-devops-engineer-orcid-inc-
Software Engineer Data,Doximity,https://remoteok.io/remote-jobs/74936-remote-software-engineer-data-product-integration-doximity
Full Stack Software Engineer,Fraym,https://remoteok.io/remote-jobs/74444-remote-full-stack-software-engineer-fraym
Senior Backend Engineer Golang Focus,DL Remote,https://remoteok.io/remote-jobs/74351-remote-senior-backend-engineer-golang-focus-remote-dl-remote
Senior Backend Developer,WeTravel,https://remoteok.io/remote-jobs/74163-remote-senior-backend-developer-wetravel
Software Engineer,AlphaSights,https://remoteok.io/remote-jobs/73979-remote-software-engineer-alphasights
Sr Full Stack Developer Django,Circuit Stream,https://remoteok.io/remote-jobs/73837-remote-sr-full-stack-developer-django-circuit-stream
Python Back End Web Developer,Soshace,https://remoteok.io/remote-jobs/73701-remote-remote-python-back-end-web-developer-soshace
Full Stack Software Engineer,SlashData,https://remoteok.io/remote-jobs/73663-remote-full-stack-software-engineer-js-slashdata
Software Engineer Data,Doximity,https://remoteok.io/remote-jobs/73235-remote-software-engineer-data-doximity
Senior Full Stack Engineer,Interview Schedule,https://remoteok.io/remote-jobs/73058-remote-senior-full-stack-engineer-interview-schedule
Senior Software Engineer Backend,Close,https://remoteok.io/remote-jobs/72794-remote-senior-software-engineer-backend-100-remote-close
Senior Python Developer,causaLens,https://remoteok.io/remote-jobs/72638-remote-senior-python-developer-causalens
Full Stack Developer,PolySwarm,https://remoteok.io/remote-jobs/72406-remote-full-stack-developer-polyswarm
Senior Full Stack Developer,Pupil Labs,https://remoteok.io/remote-jobs/72045-remote-senior-full-stack-developer-pupil-labs
Software Engineer Service Reliability,Doximity,https://remoteok.io/remote-jobs/71432-remote-software-engineer-service-reliability-doximity
Software Engineer Ruby Javascript,Doximity,https://remoteok.io/remote-jobs/71367-remote-software-engineer-ruby-javascript-doximity
Software Engineer Data,Doximity,https://remoteok.io/remote-jobs/71325-remote-software-engineer-data-product-integration-doximity
Senior Full Stack Developer with React Experience,Codelitt,https://remoteok.io/remote-jobs/71132-remote-senior-full-stack-developer-with-react-experience-codelitt
Lead Software Engineer,Hubbub,https://remoteok.io/remote-jobs/71202-remote-lead-software-engineer-hubbub
Full Stack Web Developer,GooseChase,https://remoteok.io/remote-jobs/70987-remote-full-stack-web-developer-goosechase
Python Developer,MADE.com,https://remoteok.io/remote-jobs/70764-remote-python-developer-made-com
Web Developer,Tao Leadership,https://remoteok.io/remote-jobs/70590-remote-web-developer-tao-leadership
Backend Web Developer,Circuit Stream,https://remoteok.io/remote-jobs/70003-remote-backend-web-developer-circuit-stream
Staff Site Reliability Engineer,CircleCI,https://remoteok.io/remote-jobs/69933-remote-staff-site-reliability-engineer-sre-circleci
Full Stack Developer with React Experience,Codelitt,https://remoteok.io/remote-jobs/69888-remote-full-stack-developer-with-react-experience-codelitt
Senior Software Engineer Python,Doximity,https://remoteok.io/remote-jobs/69245-remote-senior-software-engineer-python-doximity
Python Back End Web Developer,Soshace,https://remoteok.io/remote-jobs/69076-remote-python-back-end-web-developer-soshace
Full Stack Developer,Upstack Technologies Inc.,https://remoteok.io/remote-jobs/69034-remote-full-stack-developer-upstack-technologies-inc-
Open Source Developer DevOps,OpenCraft,https://remoteok.io/remote-jobs/69030-remote-open-source-developer-devops-opencraft
Senior Software Engineer Security Video Integration,GeoComm,https://remoteok.io/remote-jobs/68982-remote-senior-software-engineer-security-video-integration-geocomm
Frontend Python Developer,Screenly,https://remoteok.io/remote-jobs/68892-remote-frontend-and-python-developer-screenly
Senior Software Engineer,Property Meld,https://remoteok.io/remote-jobs/68749-remote-senior-software-engineer-property-meld
Python Developer,CoGrammar,https://remoteok.io/remote-jobs/68679-remote-python-developer-cogrammar
Full Stack Software Engineer,Merchbar,https://remoteok.io/remote-jobs/68296-remote-full-stack-software-engineer-merchbar
Full Stack Developer tech Lead,Comparamais,https://remoteok.io/remote-jobs/68196-remote-full-stack-developer-tech-lead-comparamais
Full Stack Developer tech Lead,Comparamais,https://remoteok.io/remote-jobs/68195-remote-full-stack-developer-tech-lead-comparamais
Python Senior Developer,YMN GROUP,https://remoteok.io/remote-jobs/68169-remote-python-senior-developer-remote-ymn-group
Python Software Engineer Data Integration,Doximity,https://remoteok.io/remote-jobs/67967-remote-python-software-engineer-data-integration-doximity
Experienced 3D Software Engineers for Awesome Cutting Edge Projects,4D Pipeline,https://remoteok.io/remote-jobs/67948-remote-experienced-3d-software-engineers-for-awesome-cutting-edge-projects-augmented-reality-virtual-reality-raytracing-webgl-ue4-and-more-4d-pipeline
Python Backend Developer Wrocław PL,Kangaroo,https://remoteok.io/remote-jobs/67857-remote-python-backend-developer-in-wroclaw-pl-kangaroo
Backend Developer,Property Meld,https://remoteok.io/remote-jobs/67736-remote-backend-developer-property-meld
Python Developer,Mako Medical,https://remoteok.io/remote-jobs/99941-remote-python-developer-mako-medical
Python Developer,CMAS Systems,https://remoteok.io/remote-jobs/99676-remote-python-developer-cmas-systems
Senior Python Developer,Findaway World,https://remoteok.io/remote-jobs/99575-remote-senior-python-developer-findaway-world
Python C Developer,HealthLumen,https://remoteok.io/remote-jobs/99294-remote-python-c-developer-healthlumen
Senior Python Developer,Findaway,https://remoteok.io/remote-jobs/99062-remote-senior-python-developer-findaway
Python Developer,BairesDev,https://remoteok.io/remote-jobs/98788-remote-python-developer-bairesdev
SR Django Developer,Trafilea,https://remoteok.io/remote-jobs/98666-remote-sr-django-developer-trafilea
Senior Software Engineer Python Tornado AWS,Verys,https://remoteok.io/remote-jobs/98654-remote-senior-software-engineer-python-tornado-aws-verys
Python Developer,YouGov,https://remoteok.io/remote-jobs/98637-remote-python-developer-yougov
Principal Python Software Developer,Railroad19,https://remoteok.io/remote-jobs/98621-remote-principal-python-software-developer-railroad19
Experienced Python Developer,ShipHero,https://remoteok.io/remote-jobs/98580-remote-experienced-python-developer-shiphero
Senior Full Stack Python Developer,REPAY,https://remoteok.io/remote-jobs/98420-remote-senior-full-stack-python-developer-repay
Senior Python Developer,Adspert Bidmanagement,https://remoteok.io/remote-jobs/98409-remote-senior-python-developer-adspert-bidmanagement
Expert Django Developer,AppEvolve,https://remoteok.io/remote-jobs/98165-remote-expert-django-developer-appevolve
Python Developer,PeopleDoc,https://remoteok.io/remote-jobs/98046-remote-python-developer-peopledoc
Senior Python Developer,Flashpoint,https://remoteok.io/remote-jobs/97840-remote-senior-python-developer-flashpoint
Python Developer,UCRAFT,https://remoteok.io/remote-jobs/97815-remote-python-developer-ucraft
Python Developer,Upstack,https://remoteok.io/remote-jobs/97638-remote-python-developer-upstack
Python Full Stack Developer,REPAY,https://remoteok.io/remote-jobs/97466-remote-python-full-stack-developer-repay
Python Developer,Bitedge,https://remoteok.io/remote-jobs/97419-remote-python-developer-bitedge
Expert Django Developer,DjangoForce,https://remoteok.io/remote-jobs/97248-remote-expert-django-developer-djangoforce
Senior Software Engineer Python,Verys,https://remoteok.io/remote-jobs/97215-remote-senior-software-engineer-python-verys
Integrations Full Stack Python Developer,REPAY,https://remoteok.io/remote-jobs/97110-remote-integrations-full-stack-python-developer-repay
Senior Django Developer,Scalable Path,https://remoteok.io/remote-jobs/86775-remote-senior-django-developer-scalable-path
Senior Python Developer,We Are Common,https://remoteok.io/remote-jobs/86754-remote-senior-python-developer-we-are-common
Jr Python Developer,AppEvolve,https://remoteok.io/remote-jobs/86685-remote-jr-python-developer-appevolve
Senior Software Engineer,Routable,https://remoteok.io/remote-jobs/86632-remote-senior-software-engineer-python-django-routable
Full Stack Developer Node.js Python Go Autonomy Flexibility New Team,Oscatel,https://remoteok.io/remote-jobs/87096-remote-full-stack-developer-node-js-python-go-autonomy-flexibility-new-team-oscatel
Senior Python Developer,Backtracks,https://remoteok.io/remote-jobs/87344-remote-senior-python-developer-backtracks
Python Django Developer,Scanslated,https://remoteok.io/remote-jobs/87085-remote-python-django-developer-scanslated
Senior Python Developer,X-Team,https://remoteok.io/remote-jobs/87002-remote-senior-python-developer-x-team
Independent Self Motivated Python Backend Developer,Seez,https://remoteok.io/remote-jobs/85325-remote-independent-self-motivated-python-backend-developer-seez
Senior Python Developer,Surge,https://remoteok.io/remote-jobs/85309-remote-senior-python-developer-surge
Python Developer M W X,Skalar Systems,https://remoteok.io/remote-jobs/85239-remote-python-developer-m-w-x-skalar-systems
Senior Python Developer,Level Agency,https://remoteok.io/remote-jobs/84956-remote-senior-python-developer-level-agency
FULL Stack Django Developer Project Leader,Scalable Path,https://remoteok.io/remote-jobs/84941-remote-full-stack-django-developer-project-leader-scalable-path
Senior Python Developer,ShipHero,https://remoteok.io/remote-jobs/83869-remote-senior-python-developer-shiphero
Python Backend Developer,Exputec,https://remoteok.io/remote-jobs/83854-remote-python-backend-developer-exputec
Python Backend Developer 100,Clevertech,https://remoteok.io/remote-jobs/83231-remote-python-backend-developer-100-clevertech
React Python Developer 100,Clevertech,https://remoteok.io/remote-jobs/83127-remote-react-python-developer-100-clevertech
Python Back End Developer,Soshace,https://remoteok.io/remote-jobs/83097-remote-python-back-end-developer-soshace
100% Python React Developer,Clevertech,https://remoteok.io/remote-jobs/82984-remote-100-python-react-developer-clevertech
API Software Engineer Python,ReCharge Payments,https://remoteok.io/remote-jobs/77226-remote-api-software-engineer-python-recharge-payments
Full Stack React Django Developer,Soshace,https://remoteok.io/remote-jobs/76912-remote-full-stack-react-django-developer-soshace
Python Developer,Scrapinghub,https://remoteok.io/remote-jobs/76269-remote-python-developer-scrapinghub
Code Challenge Reviewer 100% £50 Per Hour Java JavaScript PHP Python C# Ruby CSS HTML SQL Scala iOS Android,Geektastic,https://remoteok.io/remote-jobs/76263-remote-code-challenge-reviewer-100-50-per-hour-java-javascript-php-python-c-ruby-css-html-sql-scala-ios-android-geektastic
Back End Django Developer,Soshace,https://remoteok.io/remote-jobs/76164-remote-back-end-django-developer-soshace
Permanent Django Developer,Pivotal Energy Solutions,https://remoteok.io/remote-jobs/76108-remote-permanent-django-developer-pivotal-energy-solutions
Back End Python Developer,Pluralsight,https://remoteok.io/remote-jobs/75766-remote-back-end-python-developer-pluralsight
Full Stack Developer With React Django,Soshace,https://remoteok.io/remote-jobs/75542-remote-full-stack-developer-with-react-django-soshace
Senior Python Developer,CVEDIA,https://remoteok.io/remote-jobs/75073-remote-senior-python-developer-cvedia
Principle Python Software Engineer,Labster,https://remoteok.io/remote-jobs/74984-remote-principle-python-software-engineer-labster
Senior Python Developer,DomainTools,https://remoteok.io/remote-jobs/74941-remote-senior-python-developer-domaintools
Senior Python Developer Django Flask,Clevertech,https://remoteok.io/remote-jobs/74857-remote-senior-python-developer-django-flask-clevertech
Quantitative Developer Python,Clevertech,https://remoteok.io/remote-jobs/74388-remote-quantitative-developer-python-clevertech
Senior Python Developer Quantitative Modeling,Clevertech,https://remoteok.io/remote-jobs/74363-remote-senior-python-developer-quantitative-modeling-clevertech
Python C Developer,Clevertech,https://remoteok.io/remote-jobs/74190-remote-python-c-developer-clevertech
Senior Python Software Engineer,Labster,https://remoteok.io/remote-jobs/74183-remote-senior-python-software-engineer-labster
Senior Embedded Linux Developer with Python 100% Flexible Hours,3 other jobs Analytics Fire,https://remoteok.io/remote-jobs/74065-remote-senior-embedded-linux-developer-with-python-100-flexible-hours-3-other-jobs-analytics-fire
Senior Python Developer Interested Finance,Capital,https://remoteok.io/remote-jobs/74264-remote-senior-python-developer-interested-finance-capital
Cloud Python Developer,Elastic,https://remoteok.io/remote-jobs/73894-remote-cloud-python-developer-elastic
Senior Django Developer,Soshace,https://remoteok.io/remote-jobs/73519-remote-senior-django-developer-soshace
Senior Python Developer,Vocinity,https://remoteok.io/remote-jobs/73506-remote-senior-python-developer-vocinity
Django Web Developer,Caktus Consulting Group,https://remoteok.io/remote-jobs/73333-remote-django-web-developer-caktus-consulting-group
Python Developer,Clevertech,https://remoteok.io/remote-jobs/73304-remote-python-developer-clevertech
Python Cloud Developer,Platform.sh,https://remoteok.io/remote-jobs/73070-remote-python-cloud-developer-platform-sh
Sr Python Software Engineer,SmileDirectClub,https://remoteok.io/remote-jobs/73036-remote-sr-python-software-engineer-smiledirectclub
Python Developer,Musement,https://remoteok.io/remote-jobs/72846-remote-python-developer-musement
Python Django Developer,Daupler,https://remoteok.io/remote-jobs/72664-remote-python-django-developer-daupler
Mid Level Django Backend Developer,Pivotal Energy Solutions,https://remoteok.io/remote-jobs/72547-remote-mid-level-django-backend-developer-pivotal-energy-solutions
Senior Python Software Engineer,Namaste Technologies,https://remoteok.io/remote-jobs/72239-remote-senior-python-software-engineer-namaste-technologies
Python Software Engineer,ReCharge Payments,https://remoteok.io/remote-jobs/71975-remote-python-software-engineer-recharge-payments
Django Python Developer,Divio,https://remoteok.io/remote-jobs/70700-remote-django-python-developer-divio
Python Developer,eMoney Advisor,https://remoteok.io/remote-jobs/70262-remote-python-developer-emoney-advisor
Backend Python Django Developer,Self Decode,https://remoteok.io/remote-jobs/70053-remote-backend-python-django-developer-self-decode
Full Stack Developer Python,REPAY Realtime Electronic Payments,https://remoteok.io/remote-jobs/69529-remote-full-stack-developer-python-repay-realtime-electronic-payments
Python Developer,X-Team,https://remoteok.io/remote-jobs/69088-remote-python-developer-x-team
Senior Python Developer,SmileDirectClub,https://remoteok.io/remote-jobs/69047-remote-senior-python-developer-smiledirectclub
C Python Developer,Code Careers,https://remoteok.io/remote-jobs/68976-remote-c-python-developer-code-careers
Senior Python Developer,VersaFeed,https://remoteok.io/remote-jobs/68797-remote-senior-python-developer-versafeed
Django Python Senior Software Engineer,Load Impact,https://remoteok.io/remote-jobs/68530-remote-django-python-senior-software-engineer-load-impact
Senior Embedded Linux Developer with C Python 100% Flexible Hours,Analytics Fire,https://remoteok.io/remote-jobs/68488-remote-senior-embedded-linux-developer-with-c-python-100-flexible-hours-analytics-fire
Python Developer,Arm,https://remoteok.io/remote-jobs/68291-remote-python-developer-arm
Senior Python Developer,JBS Custom Software Solutions,https://remoteok.io/remote-jobs/68243-remote-senior-python-developer-jbs-custom-software-solutions
Python Backend Developer,trivago N.V,https://remoteok.io/remote-jobs/68232-remote-python-backend-developer-trivago-n-v
Python Software Engineering Manager,Crossover,https://remoteok.io/remote-jobs/68220-remote-python-software-engineering-manager-crossover
Senior Python Developer,Clevertech,https://remoteok.io/remote-jobs/68204-remote-senior-python-developer-clevertech
Software Engineer Python,trivago N.V,https://remoteok.io/remote-jobs/68073-remote-software-engineer-python-trivago-n-v
